id;lastname;firstname;email
1;Bedfordshire Tools;Arizona hack;Bill_Senger@hotmail.com
2;Naira Versatile seize;asymmetric EXE;Hudson.Windler97@gmail.com
3;Arizona success Sleek Frozen Chips;Gorgeous Rubber Chicken Associate Central African Republic;Curt45@yahoo.com
4;Credit Card Account Maryland Legacy;Product;Valentina.Beer45@hotmail.com
5;Money Market Account;Mouse;Jalyn.Howell@yahoo.com
6;analyzing holistic;Architect;Alexandro30@hotmail.com
7;multi-byte Pound Sterling;Frozen;Remington.Weimann72@gmail.com
8;Personal Loan Account markets;SCSI Aruba Chair;Garth.Sanford98@yahoo.com
9;Shirt Credit Card Account disintermediate;transmitting Tennessee Practical Steel Shirt;Dorian7@gmail.com
10;New Taiwan Dollar Zimbabwe parse;Monaco input Accounts;Gayle45@hotmail.com
