id;reponse_text;reponse_image;reponse_image_content_type;reponse_nombre;correct;poids
1;Fiji Dollar Profound Bacon;../fake-data/blob/hipster.png;image/png;98216;true;51663
2;content-based Executive;../fake-data/blob/hipster.png;image/png;96541;true;55829
3;THX pink even-keeled;../fake-data/blob/hipster.png;image/png;70035;true;84666
4;SCSI drive THX;../fake-data/blob/hipster.png;image/png;85092;false;93563
5;solid state;../fake-data/blob/hipster.png;image/png;66898;true;58068
6;transform;../fake-data/blob/hipster.png;image/png;94013;true;97366
7;clear-thinking;../fake-data/blob/hipster.png;image/png;30536;true;48561
8;Ports Manager Fish;../fake-data/blob/hipster.png;image/png;1807;false;49389
9;Fish;../fake-data/blob/hipster.png;image/png;36646;true;74417
10;alarm local area network Benin;../fake-data/blob/hipster.png;image/png;50881;false;63633
