id;name;date_abonnement;logo;logo_content_type
1;mindshare;2019-11-06T01:46:44;../fake-data/blob/hipster.png;image/png
2;cross-media Frozen;2019-11-06T19:39:06;../fake-data/blob/hipster.png;image/png
3;program Auto Loan Account Refined;2019-11-06T21:03:54;../fake-data/blob/hipster.png;image/png
4;Algerian Dinar Fantastic Fresh Salad;2019-11-06T06:08:02;../fake-data/blob/hipster.png;image/png
5;Sleek;2019-11-06T21:02:51;../fake-data/blob/hipster.png;image/png
6;Planner;2019-11-06T14:06:04;../fake-data/blob/hipster.png;image/png
7;transition open-source Interactions;2019-11-05T23:25:11;../fake-data/blob/hipster.png;image/png
8;navigate repurpose;2019-11-06T21:04:46;../fake-data/blob/hipster.png;image/png
9;navigate Oklahoma;2019-11-06T12:54:08;../fake-data/blob/hipster.png;image/png
10;National;2019-11-06T20:24:53;../fake-data/blob/hipster.png;image/png
