id;lastname;firstname;email;linkedin;googleplus;role
1;Auto Loan Account olive;Yen;Ambrose.Towne2@hotmail.com;California interfaces;Garden Dale Wallis and Futuna;generating
2;Computers Small Fresh Gloves back-end;interface;Okey96@hotmail.com;Club backing up;Iran;Philippine Peso Metal
3;Strategist;card Licensed Cotton Ball;Ibrahim25@yahoo.com;Chips;navigating;Som Rustic Frozen Keyboard ROI
4;Benin;Tuna Response invoice;Myrl.OKon@yahoo.com;system Gorgeous Rubber Pants;hack;leading-edge
5;Ergonomic Steel Gloves;Developer Shoes Music;Jensen.Schoen@hotmail.com;Light;integrate Personal Loan Account;HTTP explicit
6;Personal Loan Account;Cambridgeshire Norfolk Island;Carson94@hotmail.com;Solutions COM;Data North Dakota;North Carolina Granite
7;Somalia Web revolutionize;invoice teal analyzing;Baron3@gmail.com;Credit Card Account;Handcrafted Plastic Shirt quantifying;wireless
8;hybrid;Solomon Islands Dollar;Logan.Weber73@yahoo.com;mobile intermediate;deliverables;multi-byte Producer
9;Cotton Robust;user-centric Infrastructure;Davon_Keebler73@hotmail.com;Configurable iterate Liechtenstein;navigating encoding;Fantastic Small Frozen Salad bypassing
10;time-frame Quality;Borders Borders Practical;Eldon55@gmail.com;ivory Data neural;Unbranded;Associate Designer
